Date,Close,Volume,Open,High,Low
09/22/2022,$288.59,70545410,$299.86,$301.29,$285.82
09/21/2022,$300.8,62555660,$308.29,$313.8,$300.63
09/20/2022,$308.73,61642780,$306.91,$313.33,$305.58
09/19/2022,$309.07,60231160,$300.09,$309.84,$297.8
09/16/2022,$303.35,87087790,$299.605,$303.71,$295.6005
09/15/2022,$303.75,64795520,$301.825,$309.12,$300.7247
09/14/2022,$302.61,72628650,$292.24,$306,$291.64
09/13/2022,$292.13,68229620,$292.9,$297.3999,$290.4
09/12/2022,$304.42,48674600,$300.72,$305.49,$300.4
09/09/2022,$299.68,54470850,$291.67,$299.85,$291.245
09/08/2022,$289.26,53713120,$281.3,$289.5,$279.76
09/07/2022,$283.7,50028920,$273.1,$283.84,$272.27
09/06/2022,$274.42,55859980,$272.675,$275.99,$265.74
09/02/2022,$270.21,50890090,$281.065,$282.35,$269.08
09/01/2022,$277.16,54287020,$272.575,$277.58,$266.15
08/31/2022,$275.61,52107340,$280.62,$281.25,$271.81
08/30/2022,$277.7,50541760,$287.865,$288.48,$272.65
08/29/2022,$284.82,41864740,$282.83,$287.74,$280.7
08/26/2022,$288.09,57163950,$297.43,$302,$287.47
08/25/2022,$296.07,53230010,$302.36,$302.96,$291.6
08/24/2022,$297.0966,57259716,$297.5633,$303.6466,$296.5
08/23/2022,$296.4533,63985056,$291.4533,$298.8266,$287.9233
08/22/2022,$289.9133,55843356,$291.9133,$292.4,$286.2966
08/19/2022,$296.6666,61395396,$299,$300.36,$292.5
08/18/2022,$302.87,47500535,$306,$306.5,$301.8533
08/17/2022,$303.9966,68765977,$303.3966,$309.6566,$300.0333
08/16/2022,$306.5633,88136319,$311.6666,$314.6666,$302.8833
08/15/2022,$309.32,89359179,$301.7866,$313.1333,$301.23
08/12/2022,$300.03,79657298,$289.415,$300.16,$285.0333
08/11/2022,$286.63,70155067,$296.5133,$298.2366,$285.8333
08/10/2022,$294.3566,94918869,$297.0666,$297.51,$283.37
08/09/2022,$283.3333,86244699,$290.2933,$292.3966,$279.3533
08/08/2022,$290.4233,99365290,$295,$305.2,$289.0854
08/05/2022,$288.17,113172911,$302.67,$304.6066,$285.5446
08/04/2022,$308.6333,72256327,$311,$313.6066,$305
08/03/2022,$307.3966,80091128,$305,$309.55,$301.15
08/02/2022,$300.5866,95577490,$294.0033,$307.8333,$292.6666
08/01/2022,$297.2766,117042912,$301.275,$311.8782,$295
07/29/2022,$297.15,95312890,$280.7,$298.32,$279.1
07/28/2022,$280.9,84723008,$280.0666,$283.3,$272.8
07/27/2022,$274.82,88110009,$263.81,$275.9256,$261.79
07/26/2022,$258.86,66820777,$266.5133,$267.3099,$256.2633
07/25/2022,$268.4333,64073526,$272.2166,$274.1466,$267.4
07/22/2022,$272.2433,103472860,$276.22,$280.7866,$270.7133
07/21/2022,$271.7066,142032194,$255.1066,$273.2666,$254.8666
07/20/2022,$247.5,88864089,$246.7833,$250.6633,$243.483
07/19/2022,$245.53,80890118,$245,$247.14,$236.9766
07/18/2022,$240.5466,82537448,$244.9366,$250.5166,$239.6033
07/15/2022,$240.0666,69683017,$240,$243.6233,$236.89
07/14/2022,$238.3133,78557498,$234.8966,$238.6533,$229.3333
07/13/2022,$237.04,97954510,$225.5,$242.0599,$225.0333
07/12/2022,$233.07,87930969,$236.8466,$239.7733,$228.3683
07/11/2022,$234.3433,99509230,$252.1033,$253.0633,$233.6266
07/08/2022,$250.7633,101854090,$242.3333,$254.9799,$241.1614
07/07/2022,$244.5433,81930698,$233.92,$245.3616,$232.21
07/06/2022,$231.7333,71853637,$230.78,$234.5633,$227.1866
07/05/2022,$233.0666,84779108,$223,$233.1466,$216.1667
07/01/2022,$227.2633,74460457,$227,$230.23,$222.12
06/30/2022,$224.4733,94600449,$224.51,$229.4566,$218.8633
06/29/2022,$228.49,82897268,$230.5,$231.1733,$222.2733
06/28/2022,$232.6633,90666519,$244.4833,$249.97,$232.3433
06/27/2022,$244.92,89178309,$249.3666,$252.07,$242.5655
06/24/2022,$245.7066,95770720,$237.4683,$246.0666,$236.0866
06/23/2022,$235.07,104202700,$237.905,$239.3166,$228.6366
06/22/2022,$236.0866,101527270,$234.5033,$246.8333,$233.8266
06/21/2022,$237.0366,122792982,$224.6033,$243.5773,$224.3333
06/17/2022,$216.76,92641779,$213.4333,$220.9694,$213.1966
06/16/2022,$213.1,107390711,$222.7366,$225.1666,$208.6933
06/15/2022,$233,119131962,$220.9166,$235.6633,$218.15
06/14/2022,$220.89,97988800,$218.2866,$226.33,$211.7366
06/13/2022,$215.7366,102767260,$223.1666,$226.6333,$214.6833
06/10/2022,$232.23,98090920,$235.1566,$239.5,$227.9133
06/09/2022,$239.7066,96491320,$249.34,$255.5466,$239.3266
06/08/2022,$241.8666,76210628,$240.0866,$249.9633,$239.1766
06/07/2022,$238.8866,72808597,$234,$239.9966,$230.0933
06/06/2022,$238.28,84204518,$244.3533,$244.8666,$234.35
06/03/2022,$234.5166,112393751,$243.225,$247.7966,$233.4178
06/02/2022,$258.3333,93473139,$244.1566,$264.21,$242.0666
06/01/2022,$246.79,77247968,$251.72,$257.3266,$243.64
05/31/2022,$252.7533,101914390,$257.9466,$259.6,$244.7433
05/27/2022,$253.21,89294979,$241.0833,$253.2666,$240.177
05/26/2022,$235.91,106003361,$220.4733,$239.5566,$217.8866
05/25/2022,$219.6,92139339,$207.95,$223.1066,$207.67
05/24/2022,$209.3866,89092539,$217.8433,$217.9733,$206.8566
05/23/2022,$224.9666,88903659,$218.34,$226.6517,$212.6866
05/20/2022,$221.3,144973334,$237.9966,$240.5273,$211
05/19/2022,$236.4733,90296679,$235.6666,$244.6666,$231.37
05/18/2022,$236.6033,87811809,$248.1733,$253.5,$233.6033
05/17/2022,$253.87,80236118,$249.12,$254.8266,$242.95
05/16/2022,$241.4566,86098539,$255.72,$256.5866,$239.6961
05/13/2022,$256.53,92150739,$257.8266,$262.4499,$250.5216
05/12/2022,$242.6666,140312864,$233.6666,$253.22,$226.6666
05/11/2022,$244.6666,97224460,$265,$269.9233,$242.4
05/10/2022,$266.68,84401648,$273.1033,$275.12,$258.0833
05/09/2022,$262.37,90810219,$278.8166,$281.8766,$260.3833
05/06/2022,$288.55,72903127,$295.6666,$296,$281.035
05/05/2022,$291.0933,92519199,$313.07,$315.2,$285.9
05/04/2022,$317.54,81643718,$301.3133,$318.5,$295.0933
05/03/2022,$303.0833,63709596,$301.06,$308.0266,$296.1966
05/02/2022,$300.98,75781388,$286.9233,$302.1199,$282.6766
04/29/2022,$290.2533,88133019,$300.75,$311.4666,$290
04/28/2022,$292.5033,124948542,$299.9933,$300,$273.9
04/27/2022,$293.8366,76956398,$299.5266,$306,$292.4533
04/26/2022,$292.14,136133684,$331.81,$333.3333,$291.6666
04/25/2022,$332.6733,68341357,$326.3233,$336.2066,$325.1
04/22/2022,$335.0166,69696577,$338.3033,$344.95,$331.3333
04/21/2022,$336.26,105416351,$358.2433,$364.0733,$332.1383
04/20/2022,$325.7333,70711327,$343.3333,$344.6666,$325.0833
04/19/2022,$342.7166,49847825,$335.02,$344.98,$331.775
04/18/2022,$334.7633,51715235,$329.6766,$338.3066,$324.47
04/14/2022,$328.3333,58422426,$333.0966,$337.5699,$327.3966
04/13/2022,$340.79,55121226,$327.025,$342.08,$324.3656
04/12/2022,$328.9833,65976097,$332.5466,$340.3973,$325.5333
04/11/2022,$325.31,59357226,$326.8,$336.156,$324.88
04/08/2022,$341.83,55013706,$347.7366,$349.48,$340.8116
04/07/2022,$352.42,79447058,$350.7966,$358.8633,$340.5133
04/06/2022,$348.5866,89348559,$357.8233,$359.6666,$342.5666
04/05/2022,$363.7533,80075018,$378.7666,$384.29,$362.4333
04/04/2022,$381.8166,82177718,$363.1266,$383.3033,$357.51
04/01/2022,$361.53,54263225,$360.3833,$364.9166,$355.5466
03/31/2022,$359.2,48992765,$364.8566,$367.7133,$358.8803
03/30/2022,$364.6633,59865006,$363.7233,$371.3166,$361.3333
03/29/2022,$366.5233,73614817,$369.33,$371.59,$357.7033
03/28/2022,$363.9466,102506080,$355.0333,$365.9599,$351.2
03/25/2022,$336.88,62031546,$336,$340.5999,$332.44
03/24/2022,$337.9733,68920897,$336.5766,$341.4966,$329.6
03/23/2022,$333.0366,120676152,$326.6466,$346.9,$325.4666
03/22/2022,$331.3266,105868571,$310,$332.62,$307.25
03/21/2022,$307.0533,81981668,$304.9933,$314.2833,$302.3633
03/18/2022,$301.7966,100414210,$291.4966,$302.6166,$289.13
03/17/2022,$290.5333,66582967,$276.9966,$291.6666,$275.2392
03/16/2022,$280.0766,84028838,$269.6666,$280.6666,$267.42
03/15/2022,$267.2966,66841147,$258.4233,$268.5233,$252.19
03/14/2022,$255.4566,71152267,$260.2033,$266.9,$252.0133
03/11/2022,$265.1166,67037167,$280.0656,$281.2673,$264.59
03/10/2022,$279.4333,58648656,$283.8166,$284.8166,$270.12
03/09/2022,$286.3233,59183976,$279.8266,$286.8533,$277.3366
03/08/2022,$274.8,80399108,$265.1766,$283.33,$260.7233
03/07/2022,$268.1933,72494167,$285.4333,$288.7133,$268.19
03/04/2022,$279.43,67179877,$283.0333,$285.2166,$275.0536
03/03/2022,$279.7633,61623516,$292.9233,$295.4796,$277.5333
03/02/2022,$293.2966,74643457,$290.71,$295.4933,$281.424
03/01/2022,$288.1233,74766877,$289.8933,$296.6266,$284.5933
02/28/2022,$290.1433,99006880,$271.67,$292.2866,$271.5691
02/25/2022,$269.9566,76067768,$269.7433,$273.1666,$260.8001
02/24/2022,$266.9233,135322304,$233.4633,$267.4933,$233.3333
02/23/2022,$254.68,95257030,$276.81,$278.4332,$253.52
02/22/2022,$273.8433,83288198,$278.0433,$285.5779,$267.0333
02/18/2022,$285.66,68501857,$295.3333,$295.6233,$279.2033
02/17/2022,$292.1166,55178436,$304.42,$306.1666,$291.3666
02/16/2022,$307.7966,51294395,$304.6833,$308.8099,$300.4033
02/15/2022,$307.4766,57649536,$300,$307.6666,$297.7924
02/14/2022,$291.92,67756417,$287.19,$299.6266,$284.3833
02/11/2022,$286.6666,79645868,$303.21,$305.32,$283.5666
02/10/2022,$301.5166,66126847,$302.79,$314.6033,$298.9
02/09/2022,$310.6666,52259555,$311.6666,$315.4233,$306.6666
02/08/2022,$307.3333,50729015,$301.8433,$308.7633,$298.2666
02/07/2022,$302.4466,60994476,$307.93,$315.9233,$300.9029
02/04/2022,$307.7733,73625467,$299.0733,$312.1666,$293.7233
02/03/2022,$297.0466,78855578,$294,$312.3333,$293.5066
02/02/2022,$301.8866,66793057,$309.3933,$310.5,$296.47
02/01/2022,$310.4166,73138357,$311.7366,$314.5666,$301.6666
01/31/2022,$312.24,104436100,$290.9033,$312.6633,$287.35
01/28/2022,$282.1166,134788963,$277.1866,$285.8333,$264.0033
01/27/2022,$276.3666,147109575,$311.12,$311.7966,$276.3333
01/26/2022,$312.47,104867290,$317.4766,$329.23,$302
01/25/2022,$306.1333,86595909,$304.7333,$317.0866,$301.07
01/24/2022,$310,152375145,$301.5866,$311.171,$283.8233
01/21/2022,$314.6333,103416040,$332.1133,$334.85,$313.5
01/20/2022,$332.09,70488757,$336.5766,$347.22,$331.3333
01/19/2022,$331.8833,75442508,$347.235,$351.5566,$331.6666
01/18/2022,$343.5033,66989407,$342.2016,$356.9299,$338.6866
01/14/2022,$349.87,72924427,$339.96,$350.6666,$337.7929
01/13/2022,$343.8533,97209790,$369.6883,$371.8666,$342.1797
01/12/2022,$368.74,83739038,$359.6166,$371.6133,$357.53
01/11/2022,$354.8,66063217,$351.2233,$358.6166,$346.2733
01/10/2022,$352.7066,91814889,$333.3333,$353.0333,$326.6666
01/07/2022,$342.32,84164768,$360.1233,$360.3099,$336.6666
01/06/2022,$354.9,90336489,$359,$362.6666,$340.1666
01/05/2022,$362.7066,80119808,$382.2166,$390.1133,$360.3367
01/04/2022,$383.1966,100248280,$396.5166,$402.6666,$374.35
01/03/2022,$399.9266,104686060,$382.5833,$400.3566,$378.68
12/31/2021,$352.26,40733644,$357.8148,$360.6666,$351.53
12/30/2021,$356.78,47040935,$353.7766,$365.1833,$351.05
12/29/2021,$362.0633,56154066,$366.2133,$368,$354.7133
12/28/2021,$362.8233,60323916,$369.83,$372.9999,$359.4733
12/27/2021,$364.6466,71145817,$357.89,$372.3333,$356.905
12/23/2021,$355.6666,92713299,$335.6,$357.6589,$332.52
12/22/2021,$336.29,93634089,$321.8866,$338.5533,$319.0166
12/21/2021,$312.8433,71517937,$305.6233,$313.1666,$295.3733
12/20/2021,$299.98,56480016,$303.5666,$307.2294,$297.7966
12/17/2021,$310.8566,100880260,$304.9233,$320.2199,$303.0133
12/16/2021,$308.9733,82771448,$331.5,$331.66,$307.2833
12/15/2021,$325.33,75169238,$317.7366,$326.2499,$309.4167
12/14/2021,$319.5033,70806277,$315,$322.1366,$310
12/13/2021,$322.1366,78595508,$333.6966,$335,$317.14
12/10/2021,$339.01,59664366,$336.25,$340.3265,$327.51
12/09/2021,$334.6,59438496,$353.5466,$354.1633,$334.12
12/08/2021,$356.32,41906374,$350.9033,$357.46,$344.3333
12/07/2021,$350.5833,56084586,$348.0666,$352.5579,$342.27
12/06/2021,$336.3366,81663128,$333.8366,$340.5466,$316.8333
12/03/2021,$338.3233,92322009,$361.5966,$363.5251,$333.4033
12/02/2021,$361.5333,73114867,$366.3533,$371,$352.2166
12/01/2021,$365,68804107,$386.8983,$390.9466,$363.5866
11/30/2021,$381.5866,81276128,$381.4566,$389.3333,$372.6666
11/29/2021,$378.9966,58393416,$366.9966,$380.89,$366.73
11/26/2021,$360.64,35042674,$366.49,$369.5942,$360.3333
11/24/2021,$372,67680727,$360.13,$377.59,$354
11/23/2021,$369.6766,108515111,$389.17,$393.4999,$354.2333
11/22/2021,$385.6233,99217540,$387.4433,$400.65,$377.4766
11/19/2021,$379.02,64926786,$366.29,$379.5733,$364.2333
11/18/2021,$365.46,62696796,$368.85,$370.6666,$358.34
11/17/2021,$363.0033,94336119,$354.5033,$373.2133,$351.8333
11/16/2021,$351.5766,79627088,$334.4366,$352.3999,$334.06
11/15/2021,$337.7966,104326960,$339.21,$343.9933,$326.2
11/12/2021,$344.4733,76719458,$349.1666,$351.5,$339.7333
11/11/2021,$354.5033,67189717,$367.59,$368.3233,$351.56
11/10/2021,$355.9833,128408173,$336.8033,$359.3666,$329.1033
11/09/2021,$341.1666,177317538,$391.2,$391.5,$337.1733
11/08/2021,$387.6466,100337170,$383.2616,$399,$377.6666
11/05/2021,$407.3633,64886436,$409.3333,$413.29,$402.6666
11/04/2021,$409.97,76192238,$411.47,$414.4966,$405.6666
11/03/2021,$404.62,103885570,$392.4433,$405.13,$384.2066
11/02/2021,$390.6666,128213413,$386.4516,$402.8633,$382
11/01/2021,$402.8633,168146177,$381.6666,$403.25,$372.8866
10/29/2021,$371.3333,89755269,$360.62,$371.7366,$357.735
10/28/2021,$359.0133,81639518,$356.1016,$360.3333,$351.4
10/27/2021,$345.9533,115579392,$346.5533,$356.96,$343.5933
10/26/2021,$339.4766,187244929,$341.5633,$364.98,$333.8133
10/25/2021,$341.62,188556319,$316.8433,$348.34,$314.7333
10/22/2021,$303.2266,68642527,$298.5,$303.3333,$296.9866
10/21/2021,$298,94444359,$285.3333,$300,$285.1682
10/20/2021,$288.6,42096154,$288.45,$289.83,$285.7933
10/19/2021,$288.09,52143395,$292.51,$292.65,$287.5033
10/18/2021,$290.0366,72621727,$283.93,$291.7533,$283.8233
10/15/2021,$281.01,56773716,$274.5793,$281.07,$274.1166
10/14/2021,$272.7733,36741514,$271.83,$273.4166,$271.1167
10/13/2021,$270.36,42360244,$270.1566,$271.8033,$268.5933
10/12/2021,$268.5733,66060127,$266.9766,$270.7733,$265.5233
10/11/2021,$263.98,42600964,$262.55,$267.08,$261.8333
10/08/2021,$261.83,50215805,$265.4033,$265.46,$260.3033
10/07/2021,$264.5366,57587346,$261.82,$268.3333,$261.1266
10/06/2021,$260.9166,43898314,$258.7333,$262.22,$257.74
10/05/2021,$260.1966,55297896,$261.5986,$265.77,$258.0666
10/04/2021,$260.51,91450029,$265.5,$268.9899,$258.7066
10/01/2021,$258.4066,51094235,$259.4666,$260.26,$254.53
09/30/2021,$258.4933,53867885,$260.3333,$263.0435,$258.3333
09/29/2021,$260.4366,62828646,$259.9333,$264.5,$256.8933
09/28/2021,$259.1866,76144268,$262.4,$265.2133,$255.3933
09/27/2021,$263.7866,84211988,$257.7066,$266.3333,$256.4366
09/24/2021,$258.13,64119066,$248.63,$258.2666,$248.1866
09/23/2021,$251.2133,35842594,$251.6666,$252.7333,$249.3066
09/22/2021,$250.6466,45378815,$247.8421,$251.2233,$246.3733
09/21/2021,$246.46,48992165,$244.93,$248.2466,$243.48
09/20/2021,$243.39,74272957,$244.8525,$247.3333,$239.5416
09/17/2021,$253.1633,84612548,$252.3833,$253.68,$250
09/16/2021,$252.33,41770174,$250.9433,$252.97,$249.2033
09/15/2021,$251.9433,46073075,$248.3333,$252.2866,$246.12
09/14/2021,$248.1633,55574646,$247.5233,$251.49,$245.4666
09/13/2021,$247.6666,68857447,$246.738,$248.26,$236.2833
09/10/2021,$245.4233,45552515,$253.2,$254.2033,$244.84
09/09/2021,$251.62,42233194,$251.1366,$254.0333,$250.5433
09/08/2021,$251.29,56379126,$253.86,$254.8166,$246.9244
09/07/2021,$250.9733,60119496,$246.6666,$253.4,$246.42
09/03/2021,$244.5233,45813155,$244.083,$244.6666,$241.4
09/02/2021,$244.13,38390224,$244.8333,$246.99,$243.5133
09/01/2021,$244.6966,39613024,$244.6933,$247.33,$243.7567
08/31/2021,$245.24,62566326,$244.3333,$246.7966,$242.1466
08/30/2021,$243.6366,55812666,$238.2383,$243.6666,$237.5766
08/27/2021,$237.3066,41501284,$235,$238.3333,$234.0333
08/26/2021,$233.72,39642874,$236.1033,$238.4666,$232.54
08/25/2021,$237.0666,37936684,$235.6766,$238.99,$234.6666
08/24/2021,$236.1633,39249214,$236.8933,$238.4066,$234.2133
08/23/2021,$235.4333,60794586,$228.4806,$237.3766,$226.9168
08/20/2021,$226.7533,44525614,$227.6166,$230.7099,$224.5666
08/19/2021,$224.49,42940474,$226.07,$228.85,$222.53
08/18/2021,$229.6633,61048146,$223.2493,$231.9233,$223.1166
08/17/2021,$221.9033,71163847,$224.22,$224.86,$216.28
08/16/2021,$228.7233,69309907,$235.0233,$236.5,$225.4666
08/13/2021,$239.0566,50194415,$241.2366,$243.3,$238.1133
08/12/2021,$240.75,53045075,$235.4466,$240.9333,$233.1333
08/11/2021,$235.94,29401677,$237.57,$238.3933,$234.7366
08/10/2021,$236.6633,40296934,$237.9966,$238.8633,$233.96
08/09/2021,$237.92,44146054,$236.7233,$239.6766,$235.0433
08/06/2021,$233.0333,46869155,$237.3,$238.7766,$232.5433
08/05/2021,$238.21,38758924,$238.6666,$240.3166,$237.1366
08/04/2021,$236.9733,51007955,$237,$241.6333,$236.31
08/03/2021,$236.58,64860756,$239.6666,$240.8833,$233.67
08/02/2021,$236.5566,100847320,$233.3333,$242.3133,$232.8
07/30/2021,$229.0666,88969239,$223.9193,$232.51,$223
07/29/2021,$225.7833,91183929,$216.5966,$227.8966,$216.2666
07/28/2021,$215.66,48019805,$215.665,$218.3233,$213.1333
07/27/2021,$214.9266,98439880,$221.1333,$222.1666,$209.08
07/26/2021,$219.2066,76009688,$216.99,$222.7333,$215.7033
07/23/2021,$214.46,43814824,$215.4533,$216.2666,$212.4333
07/22/2021,$216.42,45317195,$218.8142,$220.7233,$214.8667
07/21/2021,$218.43,41860024,$219.87,$221.6199,$216.7633
07/20/2021,$220.1666,46461395,$217.33,$220.7972,$213.5003
07/19/2021,$215.4066,63891276,$209.9633,$215.7333,$207.0966
07/16/2021,$214.74,49112915,$218.2266,$218.8999,$214.0666
07/15/2021,$216.8666,60628716,$219.4633,$222.0466,$212.6266
07/14/2021,$217.7933,64923576,$223.5833,$226.2033,$217.6133
07/13/2021,$222.8466,62898276,$228.7733,$231.0933,$222.0986
07/12/2021,$228.5666,77781128,$220.7333,$229.08,$220.7203
07/09/2021,$218.9833,54421655,$217.7283,$219.6366,$214.8966
07/08/2021,$217.6033,68319967,$209.4566,$218.1433,$206.82
07/07/2021,$214.8833,56375886,$221.4233,$221.9,$212.7733
07/06/2021,$219.86,69853357,$227.2371,$228,$217.1334
07/02/2021,$226.3,81292118,$226.3266,$233.3333,$224.42
07/01/2021,$225.9733,55903566,$227.9733,$229.33,$224.2666
06/30/2021,$226.5666,56774586,$226.59,$230.9366,$226.0466
06/29/2021,$226.92,52143935,$228.2166,$229.1699,$225.2966
06/28/2021,$229.5733,64884486,$223.88,$231.5666,$223.44
06/25/2021,$223.9566,97490140,$229.86,$231.27,$222.9
06/24/2021,$226.6066,137947184,$224.9966,$232.54,$222.5366
06/23/2021,$218.8566,93297699,$210.6666,$219.068,$210.0133
06/22/2021,$207.9033,57476676,$206.0833,$209.5231,$205.1666
06/21/2021,$206.9433,74438227,$208.16,$210.4633,$202.96
06/18/2021,$207.77,73682737,$204.4566,$209.45,$203.9333
06/17/2021,$205.5333,68104057,$200.6293,$207.1566,$200.4466
06/16/2021,$201.6233,66432397,$199.1783,$202.8333,$197.8333
06/15/2021,$199.7866,53292455,$205.5633,$205.5966,$199.41
06/14/2021,$205.8966,61271946,$204.0766,$208.4966,$203.06
06/11/2021,$203.2966,48615905,$203.41,$204.1866,$200.5066
06/10/2021,$203.3733,71758837,$201.2933,$205.53,$200.1666
06/09/2021,$199.5933,49753715,$200.7233,$203.93,$199.21
06/08/2021,$201.1966,78160238,$207.67,$207.6966,$198.5
06/07/2021,$201.71,67631047,$197.275,$203.3333,$194.2933
06/04/2021,$199.6833,72110707,$193.2366,$200.2033,$192.4
06/03/2021,$190.9466,90335679,$200.6,$201.5166,$190.4066
06/02/2021,$201.7066,69908347,$206.71,$207.7866,$199.7133
06/01/2021,$207.9666,54254675,$209.2666,$211.2666,$206.85
05/28/2021,$208.4066,68211127,$209.5,$211.8633,$207.46
05/27/2021,$210.2833,79111778,$206.7466,$210.3766,$205.4033
05/26/2021,$206.3766,85917939,$202.52,$208.7233,$200.5
05/25/2021,$201.5633,84017798,$202.4366,$204.6633,$198.57
05/24/2021,$202.1466,103674280,$193.8666,$204.8266,$191.2166
05/21/2021,$193.6266,78091808,$198.7033,$198.8933,$193.3333
05/20/2021,$195.5933,92463369,$191.6666,$196.2833,$190.3566
05/19/2021,$187.82,118735212,$184.1833,$188.7366,$182.3266
05/18/2021,$192.6233,110491721,$189.3333,$198.75,$187.7933
05/17/2021,$192.2766,96743410,$191.851,$196.5766,$187.0666
05/14/2021,$196.58,100112590,$194.47,$197.6233,$190.1533
05/13/2021,$190.5633,132554773,$200.515,$202.1533,$186.55
05/12/2021,$196.63,101470960,$200.83,$206.8033,$195.5883
05/11/2021,$205.7333,139511714,$199.7466,$209.0333,$198.5333
05/10/2021,$209.68,94177269,$221.6333,$221.6833,$209.2033
05/07/2021,$224.1233,70407517,$221.9333,$230,$220.0733
05/06/2021,$221.18,83353868,$226.92,$227.0066,$216.6666
05/05/2021,$223.6466,65705677,$227.02,$228.4318,$222.4466
05/04/2021,$224.5333,89217969,$226.3133,$227.8154,$219.2336
05/03/2021,$228.3,81129428,$234.6,$235.3333,$226.8333
04/30/2021,$236.48,122276172,$222.53,$238.49,$222.0466
04/29/2021,$225.6666,86536359,$233.17,$234.0833,$222.8334
04/28/2021,$231.4666,66813157,$232.1366,$236.1666,$231.2
04/27/2021,$234.9133,88311009,$239.32,$241.3333,$234.45
04/26/2021,$246.0666,93115509,$247,$249.7666,$244.2017
04/23/2021,$243.1333,85241679,$239.9333,$245.7866,$238.4866
04/22/2021,$239.8966,106770791,$247.1666,$251.2566,$239.3466
04/21/2021,$248.04,93646539,$234.9233,$248.28,$232.6666
04/20/2021,$239.6633,106827131,$239.14,$245.75,$236.895
04/19/2021,$238.21,119058702,$239.8666,$241.8,$230.6
04/16/2021,$246.5933,83938598,$242.8833,$249.8033,$241.5333
04/15/2021,$246.2833,83546708,$247.7,$247.8966,$240.4366
04/14/2021,$244.0766,147052305,$256.9,$260.2633,$242.6766
04/13/2021,$254.1066,133958443,$237.5666,$254.3333,$236.8866
04/12/2021,$233.9933,87407019,$228.5666,$234.9333,$227.3633
04/09/2021,$225.6733,64311276,$225.9233,$226.99,$223.1433
04/08/2021,$227.9333,71772997,$225.7933,$229.8499,$223.8816
04/07/2021,$223.6566,78928298,$229,$230.46,$222.6133
04/06/2021,$230.54,84815528,$230.1,$232.1833,$227.1233
04/05/2021,$230.35,125528323,$235.9033,$236.0533,$228.2333
04/01/2021,$220.5833,105895151,$229.4566,$230.8067,$219.8066
03/31/2021,$222.6433,100011880,$215.54,$224,$213.7033
03/30/2021,$211.8733,118297092,$200.5833,$212.5533,$197.0033
03/29/2021,$203.7633,85910979,$205.2133,$205.4933,$198.6733
03/26/2021,$206.2366,101558500,$213.9566,$214.6066,$199.9633
03/25/2021,$213.4633,117674562,$204.3333,$215.1666,$203.1666
03/24/2021,$210.09,101385520,$222.6366,$222.6733,$210.0366
03/23/2021,$220.72,91475619,$225.2566,$225.9333,$219.17
03/22/2021,$223.3333,118536672,$228.1966,$233.2066,$222.9166
03/19/2021,$218.29,128681953,$215.5333,$219.0766,$208.2067
03/18/2021,$217.72,100107070,$228.0966,$229.7433,$217.3333
03/17/2021,$233.9366,121117362,$218.9566,$234.5766,$217.0033
03/16/2021,$225.6266,96587020,$234.45,$235.9733,$223.6666
03/15/2021,$235.98,88270449,$231.3633,$237.7266,$228.0133
03/12/2021,$231.2433,100751530,$223.3333,$231.6266,$222.0464
03/11/2021,$233.2,108761681,$233.1333,$234.1666,$225.7266
03/10/2021,$222.6866,181817028,$233.4333,$239.2833,$218.3533
03/09/2021,$224.5266,202570010,$202.7266,$226.03,$198.4033
03/08/2021,$187.6666,155360896,$200.1833,$206.7083,$186.2633
03/05/2021,$199.3166,268189407,$208.6866,$209.2806,$179.83
03/04/2021,$207.1466,197758610,$218.6,$291.3133,$200
03/03/2021,$217.7333,90623889,$229.33,$233.5666,$217.235
03/02/2021,$228.8133,71196487,$239.4266,$240.37,$228.3333
03/01/2021,$239.4766,81408728,$230.0366,$290.6666,$228.35
02/26/2021,$225.1666,123267522,$233.3333,$235.5666,$219.8366
02/25/2021,$227.4066,117071592,$242.05,$245.7355,$223.5266
02/24/2021,$247.34,110300861,$237.2833,$248.3333,$231.39
02/23/2021,$232.9466,199820660,$220.71,$237.8699,$206.3333
02/22/2021,$238.1666,111809171,$254.2133,$256.1666,$236.7333
02/19/2021,$260.4333,56874786,$265,$265.5966,$259.1233
02/18/2021,$262.46,53871185,$260.3,$264.8966,$258.7566
02/17/2021,$266.05,78236708,$259.6966,$266.6133,$254.0033
02/16/2021,$265.4066,59406966,$272.6666,$273.6666,$264.1466
02/12/2021,$272.04,71304937,$267.0866,$272.4433,$261.7768
02/11/2021,$270.5533,64868256,$270.8133,$276.6266,$267.2416
02/10/2021,$268.2733,108648281,$281.2116,$281.6066,$266.6733
02/09/2021,$283.1533,45472955,$285.04,$286.6,$280.5833
02/08/2021,$287.8066,60485166,$289.89,$292.59,$284.9166
02/05/2021,$284.0766,55699926,$281.6666,$288.2566,$279.6566
02/04/2021,$283.33,47437985,$285,$285.5,$277.8066
02/03/2021,$284.8966,55030536,$292.34,$292.6933,$284.3548
02/02/2021,$290.93,73038637,$281.56,$293.5,$280.7335
02/01/2021,$279.9366,76174178,$271.43,$280.6666,$265.1867
01/29/2021,$264.51,104972260,$276.6666,$280.8033,$260.0333
01/28/2021,$278.4766,79134158,$273.3333,$282.6666,$267
01/27/2021,$288.0533,82001888,$290.1166,$297.1666,$286.22
01/26/2021,$294.3633,69394807,$297.1266,$298.6333,$290.5333
01/25/2021,$293.6,123520212,$285,$300.1333,$279.6067
01/22/2021,$282.2133,60199506,$278.1033,$282.6666,$276.2066
01/21/2021,$281.6633,61794396,$285,$285.2399,$280.4733
01/20/2021,$283.4833,76997648,$286.2466,$286.5,$279.0933
01/19/2021,$281.5166,76100948,$279.2666,$283.3333,$277.6666
01/15/2021,$275.3866,116332812,$284,$286.6333,$273.0333
01/14/2021,$281.6666,93798999,$281.13,$287.6666,$279.5833
01/13/2021,$284.8033,99937510,$284.2533,$286.8233,$277.3333
01/12/2021,$283.1466,138812174,$277,$289.3333,$275.78
01/11/2021,$270.3966,178662468,$283.1333,$284.81,$267.874
01/08/2021,$293.34,225166613,$285.3333,$294.83,$279.4633
01/07/2021,$272.0133,154496865,$259.21,$272.33,$258.4
01/06/2021,$251.9933,134099923,$252.83,$258,$249.7
01/05/2021,$245.0366,96735520,$241.22,$246.9466,$239.7333
01/04/2021,$243.2566,145914585,$239.82,$248.1633,$239.0631
12/31/2020,$235.2233,148949805,$233.33,$239.5733,$230.3733
12/30/2020,$231.5933,128538073,$224,$232.2,$222.7867
12/29/2020,$221.9966,68732437,$220.3333,$223.3,$218.3333
12/28/2020,$221.23,96835690,$224.8366,$227.1333,$220.2666
12/24/2020,$220.59,68596717,$214.33,$222.03,$213.6666
12/23/2020,$215.3266,99518920,$210.7333,$217.1666,$207.5233
12/22/2020,$213.4466,155584936,$216,$216.6266,$204.7433
12/21/2020,$216.62,174135797,$222.08,$222.8333,$215.3566
12/18/2020,$231.6666,666378667,$222.9666,$231.6666,$209.5133
12/17/2020,$218.6333,168810437,$209.3966,$219.6066,$206.5
12/16/2020,$207.59,126287443,$209.41,$210.8333,$201.6666
12/15/2020,$211.0833,135670694,$214.4266,$215.6333,$207.9333
12/14/2020,$213.2766,156121966,$206.3333,$214.2499,$203.4
12/11/2020,$203.33,139424924,$205.0033,$208,$198.9333
12/10/2020,$209.0233,201249470,$191.4566,$209.25,$188.78
12/09/2020,$201.4933,213873591,$217.8966,$218.1066,$196
12/08/2020,$216.6266,192795109,$208.5016,$217.0933,$206.1666
12/07/2020,$213.92,168929147,$201.6399,$216.2618,$201.0166
12/04/2020,$199.68,88203939,$197.0033,$199.68,$195.1666
12/03/2020,$197.7933,127656013,$196.6733,$199.6566,$194.1433
12/02/2020,$189.6066,143326964,$185.48,$190.5133,$180.4033
12/01/2020,$194.92,121148502,$199.1966,$199.2833,$190.6833
11/30/2020,$189.2,189009169,$200.7366,$202.6,$184.8366
11/27/2020,$195.2533,112683251,$193.72,$199.5933,$192.8166
11/25/2020,$191.3333,146790495,$183.3533,$191.3333,$181.79
11/24/2020,$185.1266,160945486,$180.1333,$186.6633,$175.4
11/23/2020,$173.95,150780915,$167.8333,$175.3333,$167.2633
11/20/2020,$163.2033,98735770,$165.9967,$167.5,$163.02
11/19/2020,$166.4233,187426069,$164,$169.537,$162.5233
11/18/2020,$162.2133,234132083,$149.45,$165.3333,$147.8334
11/17/2020,$147.2033,183564858,$153.39,$154,$144.3367
11/16/2020,$136.03,80515928,$136.31,$137.4833,$134.6956
11/13/2020,$136.1667,59491056,$136.95,$137.5106,$133.8867
11/12/2020,$137.2533,59821506,$138.35,$141,$136.5067
11/11/2020,$139.0433,52073165,$138.8167,$139.565,$136.86
11/10/2020,$136.7867,90852669,$140.03,$140.03,$132.01
11/09/2020,$140.42,104499100,$146.5,$150.8333,$140.3333
11/06/2020,$143.3167,65118037,$145.3667,$145.5233,$141.4267
11/05/2020,$146.03,85243569,$142.7667,$146.6667,$141.3334
11/04/2020,$140.3267,96429190,$143.54,$145.1333,$139.0333
11/03/2020,$141.3,103055170,$136.5767,$142.59,$135.5633
11/02/2020,$133.5033,87063369,$131.3333,$135.66,$130.7667
10/30/2020,$129.3467,127762933,$135.6318,$135.8638,$126.37
10/29/2020,$136.9433,67965937,$136.6533,$139.3533,$135.4867
10/28/2020,$135.34,76354238,$138.8267,$139.5333,$135.3333
10/27/2020,$141.56,68059537,$141.2533,$143.5,$140.0333
10/26/2020,$140.0933,84717488,$137.21,$141.92,$136.6667
10/23/2020,$140.21,101150950,$140.6133,$140.962,$135.7934
10/22/2020,$141.93,119979582,$147.3067,$148.41,$141.5033
10/21/2020,$140.88,97111390,$140.9,$144.3167,$140.4167
10/20/2020,$140.6467,94968879,$143.9167,$143.9167,$139.6834
10/19/2020,$143.61,108863531,$148.7467,$149,$142.9567
10/16/2020,$146.5567,98327650,$151.48,$151.9833,$146.2833
10/15/2020,$149.6267,107017061,$150.1033,$152.19,$147.5
10/14/2020,$153.7667,144136184,$149.9267,$155.3,$149.1167
10/13/2020,$148.8833,103391020,$147.7833,$149.63,$145.5333
10/12/2020,$147.4333,116373402,$147.3333,$149.58,$146.1933
10/09/2020,$144.6667,86776989,$143.3767,$144.8633,$142.1534
10/08/2020,$141.9733,121263372,$146.1467,$146.3333,$141.7667
10/07/2020,$141.7667,129383143,$139.9567,$143.3,$137.9483
10/06/2020,$137.9933,147438795,$141.2633,$142.9266,$135.35
10/05/2020,$141.8933,134168383,$141.1167,$144.5467,$139.7767
10/02/2020,$138.3633,214290111,$140.4633,$146.3767,$138.3333
10/01/2020,$149.3867,152224365,$146.92,$149.6267,$144.8067
09/30/2020,$143.0033,144436724,$140.44,$144.6433,$140.1567
09/29/2020,$139.69,151024215,$138.6667,$142.8333,$137.2
09/28/2020,$140.4,149158695,$141.54,$142.6933,$138.5167
09/25/2020,$135.78,201625400,$131.1567,$136.2441,$130.4333
09/24/2020,$129.2633,289683209,$121.2667,$133.1667,$117.1
09/23/2020,$126.7867,285222569,$135.0533,$137.3833,$125.2934
09/22/2020,$141.41,238742424,$143.2,$145.92,$139.2
09/21/2020,$149.7967,328430433,$151.0433,$151.8933,$135.69
09/18/2020,$147.3833,259220486,$149.3133,$150.3333,$142.9333
09/17/2020,$141.1433,230337503,$138.5333,$145.93,$136
09/16/2020,$147.2533,217640302,$146.6233,$152.5967,$145.1033
09/15/2020,$149.92,291894719,$145.52,$153.98,$143.5667
09/14/2020,$139.8733,249061855,$126.9833,$140,$124.4333
09/11/2020,$124.24,182152398,$127.3133,$127.5,$120.1667
09/10/2020,$123.78,254791855,$128.7367,$132.9967,$120.1867
09/09/2020,$122.0933,238397334,$118.8667,$123,$113.8367
09/08/2020,$110.07,346397135,$118.6667,$122.9133,$109.96
09/04/2020,$139.44,330965733,$134.27,$142.6667,$124.0067
09/03/2020,$135.6667,262788296,$135.7433,$143.9333,$134
09/02/2020,$149.1233,288528419,$159.6633,$159.68,$135.0402
09/01/2020,$158.35,270358287,$167.38,$167.4966,$156.8367
08/31/2020,$166.1067,355123236,$148.2033,$166.7133,$146.7033
08/28/2020,$147.5601,301217549,$153.0081,$154.5661,$145.7681
08/27/2020,$149.2501,355395422,$145.3641,$153.0401,$142.8334
08/26/2020,$143.5447,213590593,$137.3334,$144.4001,$136.9087
08/25/2020,$134.8894,159883270,$131.6594,$135.1967,$131.2001
08/24/2020,$134.2801,300954150,$141.7517,$141.9334,$128.5014
08/21/2020,$136.6654,322343239,$136.3174,$139.6994,$135.0034
08/20/2020,$133.4554,309176845,$124.0454,$134.7994,$123.8041
08/19/2020,$125.2354,183079858,$124.3334,$127.4001,$122.7474
08/18/2020,$125.8061,247117226,$126.5994,$128.2601,$123.0074
08/17/2020,$122.3761,303634648,$111.8001,$123.0574,$111.5221
08/14/2020,$110.0474,188664056,$110.9994,$111.2534,$108.4427
08/13/2020,$108.0667,306379497,$107.4001,$110.0787,$104.4841
08/12/2020,$103.6507,328482286,$98,$105.6667,$95.6667
08/11/2020,$91.626,129387445,$93.0667,$94.6667,$91
08/10/2020,$94.5714,112833904,$96.5334,$97.1667,$92.3894
08/07/2020,$96.8474,133446233,$99.9692,$99.9834,$94.334
08/06/2020,$99.3054,89884650,$99.3887,$101.1541,$98.484
08/05/2020,$99.0014,74670188,$99.5327,$99.9893,$97.8874
08/04/2020,$99.1334,126224787,$99.6674,$101.8274,$97.4667
08/03/2020,$99,132140124,$96.6134,$100.6541,$96.2923
07/31/2020,$95.384,183704308,$101.0001,$101.1367,$94.732
07/30/2020,$99.166,114315528,$99.2,$100.8827,$98.0667
07/29/2020,$99.9407,141403324,$100.0667,$102.3207,$99.1334
07/28/2020,$98.4327,237130381,$100.2667,$104.3134,$98.2947
07/27/2020,$102.6401,240729930,$95.6667,$103.1961,$94.2001
07/24/2020,$94.4667,290949155,$94.4007,$97.6667,$91.1027
07/23/2020,$100.8714,364927318,$111.9301,$112.6001,$98.718
07/22/2020,$106.1554,212416094,$106.6001,$108.4281,$104.1334
07/21/2020,$104.5574,242359079,$109.3287,$111.6667,$103.8667
07/20/2020,$109.5334,256820422,$101.2674,$110.0001,$99.2
07/17/2020,$100.0561,139949510,$100.8967,$102.5007,$99.3334
07/16/2020,$100.0427,214511743,$98.4774,$102.1141,$97.7334
07/15/2020,$103.0674,245517327,$102.8667,$103.3334,$97.1334
07/14/2020,$101.1201,351271924,$103.7334,$106.0001,$95.4
07/13/2020,$99.804,584780108,$110.6001,$119.6661,$98.0741
07/10/2020,$102.9767,350063075,$93.0667,$103.2611,$91.7341
07/09/2020,$92.952,175763912,$93.1327,$93.904,$90.0854
07/08/2020,$91.0587,244669528,$93.6667,$94.484,$87.4227
07/07/2020,$92.6574,322344739,$93.6674,$95.3,$89.114
07/06/2020,$91.4387,308547746,$85.1127,$91.8527,$84.403
07/02/2020,$80.5774,258751671,$81.432,$81.8667,$79.04
07/01/2020,$74.642,199903400,$72.2,$75.6887,$72.0334
06/30/2020,$71.9874,253777373,$67.1,$72.5127,$66.9154
06/29/2020,$67.29,135395992,$64.6007,$67.3334,$63.2347
06/26/2020,$63.9827,132823554,$66.3187,$66.3334,$63.658
06/25/2020,$65.732,138818166,$63.618,$65.732,$62.4767
06/24/2020,$64.0567,164393768,$66.274,$66.7257,$63.5428
06/23/2020,$66.7854,95479017,$66.592,$67.4667,$66.2674
06/22/2020,$66.288,95435202,$66.6634,$67.2587,$66.0014
06/19/2020,$66.7267,130196170,$67.5187,$67.7314,$66.0894
06/18/2020,$66.9307,146278967,$66.8667,$67.9467,$66.2981
06/17/2020,$66.1194,148361926,$65.8474,$67,$65.5048
06/16/2020,$65.4754,210766095,$67.4567,$67.5254,$64.1594
06/15/2020,$66.06,235457582,$61.186,$66.5894,$60.5667
06/12/2020,$62.352,251450424,$65.3334,$65.8654,$60.84
06/11/2020,$64.856,238747081,$66.0134,$67.9307,$64.8
06/10/2020,$68.3367,278451011,$66.1254,$68.4987,$65.5
06/09/2020,$62.7114,170822165,$62.6674,$63.6294,$61.5954
06/08/2020,$63.328,212620844,$61.2667,$63.3334,$60.6107
06/05/2020,$59.044,117178696,$58.5227,$59.1014,$57.7467
06/04/2020,$57.6254,133315628,$59.3254,$59.7167,$57.2294
06/03/2020,$58.864,119241975,$59.208,$59.8627,$58.6734
06/02/2020,$58.7707,203483898,$59.6467,$60.5774,$58.0667
06/01/2020,$59.8734,226279387,$57.2,$59.9334,$56.94
05/29/2020,$55.6667,177187261,$53.9167,$55.6667,$53.614
05/28/2020,$53.7207,109136555,$54.234,$54.9834,$53.446
05/27/2020,$54.682,173242863,$54.724,$55.1807,$52.3334
05/26/2020,$54.5914,121345979,$55.6334,$55.64,$54.3804
05/22/2020,$54.4587,149812050,$54.8116,$55.452,$54.1334
05/21/2020,$55.1734,183818608,$54.4,$55.5,$53.0667
05/20/2020,$54.3707,109639010,$54.7,$55.0667,$54.12
05/19/2020,$53.8674,144547758,$54.3447,$54.8047,$53.7387
05/18/2020,$54.242,175471412,$55.1854,$55.648,$53.592
05/15/2020,$53.278,157776371,$52.69,$53.6699,$52.4368
05/14/2020,$53.5554,205232747,$52,$53.5574,$50.9334
05/13/2020,$52.7307,285982207,$54.722,$55.0667,$50.8867
05/12/2020,$53.9607,238603531,$55.1334,$56.2194,$53.8667
05/11/2020,$54.086,247793876,$52.7007,$54.9334,$52.3334
05/08/2020,$54.628,241951229,$52.918,$54.9334,$52.4674
05/07/2020,$52.0027,172915264,$51.814,$53.0934,$51.49
05/06/2020,$52.172,166848367,$51.7667,$52.6534,$50.7407
05/05/2020,$51.214,254874773,$52.6527,$53.2614,$50.812
05/04/2020,$50.746,288556206,$46.7334,$50.8,$46.5334
05/01/2020,$46.7547,487976906,$50.3334,$51.518,$45.536
04/30/2020,$52.1254,427077536,$57.0127,$57.988,$50.9
04/29/2020,$53.3674,243239578,$52.678,$53.5467,$52.2107
04/28/2020,$51.2747,228329286,$53.0427,$53.6667,$50.446
04/27/2020,$53.25,310221445,$49.174,$53.2994,$49
04/24/2020,$48.3434,198564051,$47.3874,$48.7154,$46.5454
04/23/2020,$47.042,198550401,$48.5067,$48.9334,$46.8754
04/22/2020,$48.8074,213372343,$46.932,$48.9334,$45.914
04/21/2020,$45.7814,303136198,$48.6747,$50.222,$44.9194
04/20/2020,$49.7574,221195439,$48.8467,$51.038,$47.4807
04/17/2020,$50.2594,196923352,$51.4854,$51.6634,$49.844
04/16/2020,$49.6807,309867745,$47.796,$50.63,$47.1144
04/15/2020,$48.6554,353654823,$49.4667,$50.2087,$47.3334
04/14/2020,$47.326,458647421,$46.598,$49.4587,$46.162
04/13/2020,$43.3967,337131131,$39.344,$43.4667,$38.702
04/09/2020,$38.2,204749898,$37.4727,$38.3455,$37.1407
04/08/2020,$36.5894,189840205,$36.9467,$37.1472,$35.5554
04/07/2020,$36.3634,268796566,$36.3334,$37.6667,$35.4894
04/06/2020,$34.416,223527488,$34.08,$34.7334,$33.1973
04/03/2020,$32.0007,338431031,$33.9667,$34.366,$31.226
04/02/2020,$30.298,297876301,$32.0687,$32.9507,$29.76
04/01/2020,$32.104,200297600,$33.6,$34.2637,$31.6733
03/31/2020,$34.9334,266572217,$33.4167,$36.1974,$33.1333
03/30/2020,$33.4754,179970960,$34.0174,$34.4432,$32.7487
03/27/2020,$34.2907,215661042,$33.6667,$35.0534,$32.9353
03/26/2020,$35.2107,261331069,$36.4927,$37.3334,$34.15
03/25/2020,$35.95,318341091,$36.35,$37.1334,$34.074
03/24/2020,$33.6667,343427378,$31.82,$34.246,$31.6
03/23/2020,$28.9527,246818127,$28.9067,$29.4667,$27.3667
03/20/2020,$28.502,424282288,$29.2133,$31.8,$28.386
03/19/2020,$28.5093,452931674,$24.9798,$30.1333,$23.8973
03/18/2020,$24.0813,356792222,$25.9333,$26.9907,$23.3673
03/17/2020,$28.68,359918520,$29.334,$31.4567,$26.4
03/16/2020,$29.6713,307341746,$31.3,$32.9913,$29.478
03/13/2020,$36.4414,339603580,$39.6667,$40.5047,$33.4667
03/12/2020,$37.37,283635608,$38.726,$39.6334,$36.4167
03/11/2020,$42.282,201203749,$42.68,$43.572,$40.8667
03/10/2020,$43.022,233916483,$43.962,$44.5334,$40.5334
03/09/2020,$40.5334,256105972,$40.3594,$44.1999,$40.3334
03/06/2020,$46.8987,189943705,$46.0003,$47.1334,$45.618
03/05/2020,$48.3027,162789819,$48.2514,$49.7167,$47.8714
03/04/2020,$49.9667,225734587,$50.9307,$51.1014,$48.3157
03/03/2020,$49.7007,386759807,$53.6667,$53.7987,$47.7407
03/02/2020,$49.5747,302924699,$47.4174,$49.5794,$45.778
02/28/2020,$44.5327,368462366,$41.98,$46.0347,$40.768
02/27/2020,$45.2667,364157218,$48.6667,$49.318,$44.6
02/26/2020,$51.92,212307494,$52.1667,$54.2207,$51.7407
02/25/2020,$53.3274,259357070,$56.6,$57.1067,$52.4667
02/24/2020,$55.586,227882286,$55.9334,$57.5667,$54.8134
02/21/2020,$60.0667,215091642,$60.4654,$60.8707,$58.6967
02/20/2020,$59.9607,264523218,$60.7967,$60.8,$57.3294
02/19/2020,$61.1614,381344209,$61.5667,$62.9854,$60.068
02/18/2020,$57.2267,250475425,$56.1067,$57.3334,$55.4907
02/14/2020,$53.3354,235405532,$52.4814,$54.198,$52.3667
02/13/2020,$53.6,394340053,$49.456,$54.5334,$49
02/12/2020,$51.1527,180336960,$51.858,$52.65,$50.8914
02/11/2020,$51.6254,175461962,$51.2527,$52.2338,$50.5334
02/10/2020,$51.4187,370337215,$53.3334,$54.666,$50.16
02/07/2020,$49.8714,255952672,$48.7034,$51.3167,$48.6667
02/06/2020,$49.9307,598210951,$46.6614,$53.0554,$45.8
02/05/2020,$48.98,726357237,$54.884,$56.3987,$46.9407
02/04/2020,$59.1374,914080943,$58.864,$64.5994,$55.592
02/03/2020,$52,708502146,$44.9127,$52.4094,$44.9014
01/31/2020,$43.3714,235788932,$42.6667,$43.5334,$42.168
01/30/2020,$42.7207,435084982,$42.1614,$43.392,$41.2
01/29/2020,$38.7327,273249913,$38.3794,$39.32,$37.8287
01/28/2020,$37.7934,176827262,$37.8994,$38.454,$37.2054
01/27/2020,$37.2014,204120948,$36.1327,$37.6294,$35.952
01/24/2020,$37.6547,215303892,$38.042,$38.2574,$36.9507
01/23/2020,$38.1467,294765453,$37.6167,$38.8,$37.0402
01/22/2020,$37.9707,470535215,$38.126,$39.6334,$37.2734
01/21/2020,$36.48,267051916,$35.35,$36.572,$35.2274
01/17/2020,$34.0334,204435948,$33.8407,$34.378,$33.544
01/16/2020,$34.2327,326049587,$32.9167,$34.2974,$32.8113
01/15/2020,$34.5667,260532320,$35.3174,$35.856,$34.4524
01/14/2020,$35.8614,435920482,$36.2837,$36.494,$34.9934
01/13/2020,$34.9907,399518050,$32.9,$35.042,$32.8
01/10/2020,$31.8767,194652353,$32.1193,$32.3293,$31.58
01/09/2020,$32.0893,426947637,$33.14,$33.2533,$31.5247
01/08/2020,$32.8093,467990616,$31.58,$33.2327,$31.2153
01/07/2020,$31.2707,273136963,$30.76,$31.442,$30.2237
01/06/2020,$30.1027,152362424,$29.3647,$30.104,$29.3333
01/03/2020,$29.534,266920367,$29.3667,$30.2667,$29.128
01/02/2020,$28.684,143375718,$28.3,$28.7131,$28.114
12/31/2019,$27.8887,154386823,$27,$28.086,$26.8053
12/30/2019,$27.6467,189018955,$28.586,$28.6,$27.2839
12/27/2019,$28.692,149352330,$29,$29.0207,$28.4073
12/26/2019,$28.7293,159724270,$28.5273,$28.8987,$28.4233
12/24/2019,$28.35,120820740,$27.8907,$28.3647,$27.5125
12/23/2019,$27.948,199992200,$27.452,$28.134,$27.3333
12/20/2019,$27.0393,221778039,$27.3527,$27.5333,$26.679
12/19/2019,$26.936,271804514,$26.488,$27.1233,$26.4333
12/18/2019,$26.21,212045744,$25.3753,$26.348,$25.372
12/17/2019,$25.266,127556561,$25.266,$25.7,$25.06
12/16/2019,$25.4333,273313963,$24.17,$25.574,$24.1667
12/13/2019,$23.8927,98614166,$24.07,$24.3473,$23.6427
12/12/2019,$23.9787,116643107,$23.6613,$24.1827,$23.5487
12/11/2019,$23.5133,103787378,$23.4584,$23.8127,$23.406
12/10/2019,$23.256,132599199,$22.664,$23.382,$22.6207
12/09/2019,$22.6353,135603187,$22.4393,$22.9633,$22.3387
12/06/2019,$22.3927,114283998,$22.3333,$22.5907,$22.318
12/05/2019,$22.0247,56054612,$22.1887,$22.2949,$21.8167
12/04/2019,$22.202,83043783,$22.5167,$22.524,$22.19
12/03/2019,$22.4133,99202090,$22.1747,$22.5273,$22.1457
12/02/2019,$22.3247,91229744,$21.96,$22.4255,$21.9125
11/29/2019,$21.996,36984417,$22.074,$22.084,$21.8333
11/27/2019,$22.086,83451843,$22.0747,$22.262,$21.9047
11/26/2019,$21.928,119343525,$22.3513,$22.3667,$21.8067
11/25/2019,$22.4227,185186457,$22.9547,$22.9713,$22.2973
11/22/2019,$22.2027,253059473,$22.6773,$22.7333,$22
11/21/2019,$23.6553,91650149,$23.634,$24.056,$23.6003
11/20/2019,$23.4813,101009424,$24,$24.08,$23.3047
11/19/2019,$23.968,116041112,$23.45,$23.9993,$23.1867
11/18/2019,$23.3327,66127542,$23.5278,$23.5433,$23.0733
11/15/2019,$23.478,72188409,$23.376,$23.52,$23.224
11/14/2019,$23.29,97075496,$23.074,$23.5893,$22.8607
11/13/2019,$23.074,127017881,$23.6667,$23.7553,$23.012
11/12/2019,$23.3287,110390690,$23.1267,$23.358,$22.936
11/11/2019,$23.006,149905260,$22.93,$23.2793,$22.8
11/08/2019,$22.476,91113269,$22.3,$22.4973,$22.1667
11/07/2019,$22.3693,217010141,$21.9427,$22.7667,$21.868
11/06/2019,$21.772,119113920,$21.2,$21.7813,$20.9667
11/05/2019,$21.148,104151203,$21.308,$21.5673,$21.0745
11/04/2019,$21.1647,131805534,$20.9867,$21.4627,$20.6173
11/01/2019,$20.8873,95758887,$21.088,$21.0987,$20.6533
10/31/2019,$20.9947,76004302,$20.8733,$21.2667,$20.8667
10/30/2019,$21.0007,144627078,$20.8667,$21.2527,$20.6647
10/29/2019,$21.0813,190263955,$21.3327,$21.62,$20.9833
10/28/2019,$21.8473,283054208,$21.836,$22.7227,$21.5067
10/25/2019,$21.8753,450091125,$19.848,$22,$19.7407
10/24/2019,$19.9787,447288226,$19.8913,$20.3287,$19.28
10/23/2019,$16.9787,168242616,$16.9667,$17.076,$16.7567
10/22/2019,$17.0387,69376390,$16.9547,$17.222,$16.7233
10/21/2019,$16.9,76621477,$17.222,$17.3,$16.6787
10/18/2019,$17.13,86304947,$17.38,$17.52,$17.0067
10/17/2019,$17.4647,71685609,$17.5,$17.652,$17.3447
10/16/2019,$17.3167,100564495,$17.1593,$17.4733,$17.128
10/15/2019,$17.1927,97191791,$17.18,$17.3333,$16.9413
10/14/2019,$17.1307,153402823,$16.5267,$17.2367,$16.4753
10/11/2019,$16.526,127322321,$16.4767,$16.7387,$16.454
10/10/2019,$16.316,94701208,$16.352,$16.6187,$16.1053
10/09/2019,$16.302,104025443,$16.088,$16.4863,$16.0433
10/08/2019,$16.0033,130535005,$15.7247,$16.2627,$15.6333
10/07/2019,$15.848,121304294,$15.32,$15.904,$15.2367
10/04/2019,$15.4287,120317640,$15.4407,$15.652,$15.2047
10/03/2019,$15.5353,227066286,$15.4573,$15.632,$14.952
10/02/2019,$16.2087,93848173,$16.2193,$16.31,$15.962
10/01/2019,$16.3127,92944304,$16.1,$16.3967,$15.942
09/30/2019,$16.058,89192370,$16.2,$16.2653,$15.7407
09/27/2019,$16.142,166847617,$16.1467,$16.5807,$15.9153
09/26/2019,$16.1707,181181759,$15.3773,$16.2207,$15.16
09/25/2019,$15.2467,141664219,$14.9707,$15.2653,$14.5573
09/24/2019,$14.8807,194116553,$16.1013,$16.1327,$14.8407
09/23/2019,$16.082,65874417,$16,$16.3453,$15.948
09/20/2019,$16.0413,97593911,$16.4327,$16.4631,$15.8773
09/19/2019,$16.44,73246988,$16.4,$16.5293,$16.3227
09/18/2019,$16.2327,63421513,$16.3333,$16.5446,$16.158
09/17/2019,$16.3193,59203605,$16.1647,$16.3733,$16.0247
09/16/2019,$16.1873,70921405,$16.4,$16.4953,$16.078
09/13/2019,$16.3467,79697135,$16.464,$16.5633,$16.3243
09/12/2019,$16.3913,128718086,$16.5133,$16.9,$16.2933
09/11/2019,$16.4733,150641625,$15.8253,$16.5449,$15.7333
09/10/2019,$15.7027,73255673,$15.3867,$15.7027,$15.2627
09/09/2019,$15.4527,72039999,$15.3333,$15.584,$15.282
09/06/2019,$15.1633,62840549,$15.1467,$15.3093,$15.0113
09/05/2019,$15.3053,111049774,$14.8333,$15.32,$14.7233
09/04/2019,$14.712,86530397,$15.126,$15.2307,$14.6137
09/03/2019,$15.0007,80408150,$14.9387,$15.2633,$14.8773
08/30/2019,$15.0407,139916555,$15.2767,$15.496,$14.9475
08/29/2019,$14.7807,77746521,$14.6,$14.8933,$14.5333
08/28/2019,$14.3727,48579351,$14.246,$14.4833,$14.154
08/27/2019,$14.272,81310864,$14.3827,$14.5867,$14.1353
08/26/2019,$14.3333,75816172,$14.24,$14.3347,$14.1027
08/23/2019,$14.0933,128395496,$14.6647,$14.7447,$14.0667
08/22/2019,$14.81,98474411,$14.8533,$15.0267,$14.548
08/21/2019,$14.722,116996102,$14.8007,$14.8813,$14.5067
08/20/2019,$15.0573,62557874,$15.1747,$15.2727,$14.9693
08/19/2019,$15.122,79676180,$14.9473,$15.1887,$14.78
08/16/2019,$14.6627,78110601,$14.444,$14.816,$14.4013
08/15/2019,$14.376,123479218,$14.724,$14.7707,$14.1033
08/14/2019,$14.6413,143438793,$15.414,$15.4333,$14.446
08/13/2019,$15.6667,73034933,$15.254,$15.7333,$15.17
08/12/2019,$15.2673,69959020,$15.5327,$15.718,$15.25
08/09/2019,$15.6673,58473631,$15.7369,$15.9307,$15.5873
08/08/2019,$15.8867,79115195,$15.63,$15.9867,$15.51
08/07/2019,$15.5613,71647464,$15.1,$15.5713,$15.0533
08/06/2019,$15.3833,83462958,$15.4587,$15.5,$15.05
08/05/2019,$15.2213,105424132,$15.3067,$15.4245,$15.0517
08/02/2019,$15.6227,92047169,$15.4233,$15.7513,$15.282
08/01/2019,$15.59,123892678,$16.1767,$16.3007,$15.4513
07/31/2019,$16.1073,137673051,$16.2,$16.4453,$15.7767
07/30/2019,$16.1507,121635149,$15.5267,$16.224,$15.4787
07/29/2019,$15.718,139099895,$15.1393,$15.7293,$15.0688
07/26/2019,$15.2027,150415425,$15.128,$15.3507,$14.8167
07/25/2019,$15.2547,336273582,$15.5667,$15.6333,$15.0367
07/24/2019,$17.6587,166092517,$17.278,$17.738,$17.2107
07/23/2019,$17.3447,75346777,$17.114,$17.3653,$16.9667
07/22/2019,$17.0453,102694044,$17.25,$17.477,$16.9461
07/19/2019,$17.212,105726097,$17.046,$17.3307,$16.9747
07/18/2019,$16.9027,71467209,$17.0033,$17.05,$16.7923
07/17/2019,$16.9907,146470832,$17.0447,$17.2207,$16.89
07/16/2019,$16.8253,122234774,$16.62,$16.902,$16.5288
07/15/2019,$16.9,165001267,$16.5333,$16.9613,$16.324
07/12/2019,$16.3387,138007746,$15.9833,$16.3587,$15.9807
07/11/2019,$15.9067,112716394,$15.876,$16.1,$15.72
07/10/2019,$15.928,137185971,$15.61,$15.9293,$15.5427
07/09/2019,$15.3373,92862479,$15.2647,$15.4,$15.152
07/08/2019,$15.356,88208086,$15.416,$15.4833,$15.244
07/05/2019,$15.54,105986017,$15.638,$15.6967,$15.3867
07/03/2019,$15.66,213017143,$15.9593,$16.1047,$15.634
07/02/2019,$14.97,138885336,$15.2593,$15.2767,$14.8147
07/01/2019,$15.1447,123569398,$15.3473,$15.54,$15.0853
06/28/2019,$14.8973,102770709,$14.7327,$15.0113,$14.72
06/27/2019,$14.856,95095602,$14.63,$14.86,$14.49
06/26/2019,$14.618,127608056,$14.6873,$15.1487,$14.54
06/25/2019,$14.6507,92731019,$14.9593,$15.0227,$14.6327
06/24/2019,$14.9093,86261522,$14.8827,$15.0573,$14.7347
06/21/2019,$14.7907,123031108,$14.4147,$14.812,$14.3667
06/20/2019,$14.6413,177951811,$14.8667,$15.1267,$14.4233
06/19/2019,$15.0953,98626976,$15.0073,$15.1847,$14.7373
06/18/2019,$14.9827,190736755,$15.248,$15.6493,$14.8373
06/17/2019,$15.002,184751908,$14.3653,$15.1333,$14.2847
06/14/2019,$14.328,111500974,$14.0833,$14.4433,$14.0267
06/13/2019,$14.2607,122523839,$14.0253,$14.3267,$13.834
06/12/2019,$13.9507,227962986,$14.8633,$14.892,$13.9333
06/11/2019,$14.4733,174803013,$14.6096,$14.7267,$14.2333
06/10/2019,$14.192,158775521,$14.0167,$14.4627,$13.934
06/07/2019,$13.6333,240052830,$13.6667,$14.0563,$13.5666
06/06/2019,$13.73,303632098,$13.6293,$14.0667,$13.4533
06/05/2019,$13.106,202661299,$13.2453,$13.4186,$12.7899
06/04/2019,$12.9067,207112696,$12.0733,$12.932,$11.974
06/03/2019,$11.9313,195966052,$12.3673,$12.4453,$11.7995
05/31/2019,$12.344,156100872,$12.34,$12.6614,$12.2733
05/30/2019,$12.548,118897066,$12.5833,$12.817,$12.468
05/29/2019,$12.6573,179529510,$12.4733,$12.826,$12.336
05/28/2019,$12.58,154693423,$12.7467,$13,$12.5233
05/24/2019,$12.7087,212048444,$13.322,$13.332,$12.5834
05/23/2019,$13.0327,398206901,$12.956,$13.2977,$12.4147
05/22/2019,$12.8487,280277710,$13.2733,$13.596,$12.7853
05/21/2019,$13.672,270058365,$13.184,$13.8267,$13.0693
05/20/2019,$13.6907,307892846,$13.52,$13.7333,$13.0167
05/17/2019,$14.0687,266799917,$14.7973,$14.816,$13.928
05/16/2019,$15.222,112249039,$15.2993,$15.4,$15.1
05/15/2019,$15.4633,109439585,$15.288,$15.496,$15.0167
05/14/2019,$15.4873,108786126,$15.2867,$15.6333,$15.2
05/13/2019,$15.134,162521919,$15.4673,$15.498,$14.9667
05/10/2019,$15.968,105124987,$15.9833,$16.1327,$15.7347
05/09/2019,$16.132,100670680,$16.1333,$16.2453,$15.7962
05/08/2019,$16.3227,92646554,$16.4627,$16.7066,$16.28
05/07/2019,$16.4707,151971074,$17.12,$17.1473,$16.34
05/06/2019,$17.0227,162509019,$16.668,$17.2233,$16.5667
05/03/2019,$17.002,355601372,$16.2573,$17.1073,$16.2327
05/02/2019,$16.2733,272389964,$16.368,$16.4753,$15.848
05/01/2019,$15.6007,160565170,$15.9233,$16,$15.4333
04/30/2019,$15.9127,141704404,$16.1373,$16.2807,$15.8
04/29/2019,$16.098,250299175,$15.724,$16.2653,$15.478
04/26/2019,$15.676,332267234,$16.4333,$16.4453,$15.4087
04/25/2019,$16.5087,327350536,$17,$17.2667,$16.4047
04/24/2019,$17.244,144855843,$17.59,$17.688,$17.2
04/23/2019,$17.5933,163640168,$17.3433,$17.7067,$17.05
04/22/2019,$17.5167,181525259,$17.9333,$17.9787,$17.4987
04/18/2019,$18.2173,87922126,$18.082,$18.3227,$17.9833
04/17/2019,$18.082,76770127,$18.3167,$18.3193,$17.9023
04/16/2019,$18.224,108997506,$17.7167,$18.3333,$17.648
04/15/2019,$17.7587,150487275,$17.9087,$17.9253,$17.242
04/12/2019,$17.8467,101030739,$18.0147,$18.13,$17.7887
04/11/2019,$17.8947,146719337,$17.8867,$18.0333,$17.7067
04/10/2019,$18.404,105675457,$18.4493,$18.5587,$18.1928
04/09/2019,$18.154,88398661,$18.11,$18.3333,$17.974
04/08/2019,$18.2133,155468922,$18.5127,$18.744,$18.0293
04/05/2019,$18.3307,195341002,$17.9907,$18.4067,$17.7407
04/04/2019,$17.852,355202372,$17.4593,$18.08,$17.3727
04/03/2019,$19.454,118749691,$19.1547,$19.7447,$19.1447
04/02/2019,$19.0587,81407719,$19.22,$19.296,$18.9253
04/01/2019,$19.2787,121396949,$18.8413,$19.28,$18.7521
03/29/2019,$18.6573,89705280,$18.58,$18.6773,$18.3
03/28/2019,$18.5747,101473764,$18.4773,$18.6887,$18.34
03/27/2019,$18.322,131285694,$17.9167,$18.358,$17.8789
03/26/2019,$17.8513,110127965,$17.6293,$18.0173,$17.6287
03/25/2019,$17.3613,153076123,$17.314,$17.5453,$16.964
03/22/2019,$17.6353,130829185,$18.172,$18.1867,$17.6
03/21/2019,$18.268,88963831,$18.1733,$18.43,$17.8967
03/20/2019,$18.24,103229588,$17.9793,$18.3313,$17.7533
03/19/2019,$17.8313,176614862,$17.8333,$18.22,$17.564
03/18/2019,$17.966,153974323,$18.4,$18.5367,$17.82
03/15/2019,$18.362,221360289,$18.9007,$18.915,$18.2933
03/14/2019,$19.3307,105722017,$19.4967,$19.6927,$19.2193
03/13/2019,$19.264,102267759,$18.9267,$19.466,$18.8467
03/12/2019,$18.8907,112320499,$19.0993,$19.2047,$18.7373
03/11/2019,$19.3947,110584415,$18.9013,$19.4187,$18.7
03/08/2019,$18.9427,132086514,$18.4607,$19.0393,$18.3927
03/07/2019,$18.4393,141160384,$18.5893,$18.98,$18.2833
03/06/2019,$18.416,154790473,$18.432,$18.7671,$18.2927
03/05/2019,$18.436,280946860,$18.8,$18.9333,$18.0067
03/04/2019,$19.024,256033222,$19.8747,$19.9333,$18.852
03/01/2019,$19.6527,342731079,$20.4627,$20.4753,$19.46
02/28/2019,$21.3253,144993288,$21.2613,$21.3333,$20.7207
02/27/2019,$20.9827,167161416,$20.1187,$21.0863,$20.0367
02/26/2019,$19.8573,128574071,$19.4813,$20.134,$19.2513
02/25/2019,$19.918,93205468,$19.8607,$20.1936,$19.8
02/22/2019,$19.6473,85970657,$19.6327,$19.7667,$19.4733
02/21/2019,$19.4153,133212383,$20.1207,$20.216,$19.3667
02/20/2019,$20.1707,106994482,$20.294,$20.42,$19.9333
02/19/2019,$20.376,61807769,$20.4373,$20.7696,$20.3647
02/15/2019,$20.5253,58437196,$20.3,$20.5333,$20.26
02/14/2019,$20.2513,77863266,$20.2253,$20.4513,$20.0667
02/13/2019,$20.5447,76955932,$20.8233,$20.85,$20.3713
02/12/2019,$20.7873,82281244,$21.08,$21.2127,$20.6413
02/11/2019,$20.856,106710127,$20.7733,$21.24,$20.7
02/08/2019,$20.3867,87526126,$20.4553,$20.4963,$19.9
02/07/2019,$20.5007,97677401,$20.8867,$20.98,$20.2
02/06/2019,$21.148,75470482,$21.306,$21.616,$21.0416
02/05/2019,$21.4233,101021034,$20.8327,$21.496,$20.8166
02/04/2019,$20.8593,110161085,$20.8653,$21.02,$20.1253
02/01/2019,$20.814,108954216,$20.3613,$21.0733,$20.2333
01/31/2019,$20.468,188177756,$20.0667,$20.7709,$19.6
01/30/2019,$20.5847,158910521,$20.03,$20.6,$19.8993
01/29/2019,$19.8307,69043960,$19.6847,$19.9038,$19.4533
01/28/2019,$19.7587,96142107,$19.5273,$19.8307,$19.1833
01/25/2019,$19.8027,106541662,$19.626,$19.9013,$19.3033
01/24/2019,$19.434,119863605,$18.8687,$19.5787,$18.6189
01/23/2019,$19.1727,187696106,$19.5,$19.6333,$18.7793
01/22/2019,$19.928,180781860,$20.3213,$20.5333,$19.7
01/18/2019,$20.1507,361188719,$21.5333,$21.8087,$19.982
01/17/2019,$23.154,54917403,$23.0807,$23.4333,$22.9433
01/16/2019,$23.07,70158370,$22.9853,$23.4667,$22.9
01/15/2019,$22.962,90718305,$22.3333,$23.2533,$22.3
01/14/2019,$22.2933,78490311,$22.8253,$22.8333,$22.2667
01/11/2019,$23.1507,75526132,$22.806,$23.2273,$22.5847
01/10/2019,$22.998,90744270,$22.2933,$23.026,$22.1193
01/09/2019,$22.5687,81399229,$22.3667,$22.9002,$22.098
01/08/2019,$22.3567,104916353,$22.7973,$22.934,$21.8013
01/07/2019,$22.3307,113135013,$21.448,$22.4493,$21.1834
01/04/2019,$21.1793,110741270,$20.4,$21.2,$20.182
01/03/2019,$20.024,104228603,$20.4667,$20.6267,$19.8253
01/02/2019,$20.6747,174168963,$20.4067,$21.0087,$19.92
12/31/2018,$22.1867,94414423,$22.5193,$22.614,$21.684
12/28/2018,$22.258,148781581,$21.54,$22.416,$21.2273
12/27/2018,$21.0753,128510711,$21.3227,$21.4781,$20.1
12/26/2018,$21.7393,122146469,$20,$21.798,$19.606
12/24/2018,$19.6927,83398653,$20.9,$20.9667,$19.6797
12/21/2018,$21.318,119958225,$21.16,$21.5647,$20.8293
12/20/2018,$21.0253,135740767,$21.8036,$22.0193,$20.7913
12/19/2018,$22.198,123845548,$22.5067,$23.134,$21.9827
12/18/2018,$22.4687,106273252,$23.3693,$23.4367,$22.246
12/17/2018,$23.228,114972423,$24.1333,$24.38,$22.9253
12/14/2018,$24.3807,94914328,$25,$25.1913,$24.2887
12/13/2018,$25.1193,110222465,$24.6767,$25.1627,$24.45
12/12/2018,$24.44,75295837,$24.628,$24.794,$24.344
12/11/2018,$24.4507,94477033,$24.6607,$24.8113,$24.0153
12/10/2018,$24.3433,98630066,$24,$24.3987,$23.5413
12/07/2018,$23.8643,172265164,$24.6,$25.2993,$23.8433
12/06/2018,$24.204,117430276,$23.734,$24.492,$23.384
12/04/2018,$23.98,126453132,$23.7367,$24.5787,$23.4667
12/03/2018,$23.8993,124437583,$24,$24.4,$23.4667
11/30/2018,$23.3653,84316518,$22.7887,$23.44,$22.551
11/29/2018,$22.7447,46140367,$23.1333,$23.1667,$22.6367
11/28/2018,$23.1913,61710539,$23.066,$23.2187,$22.814
11/27/2018,$22.928,95205012,$22.67,$23.1307,$22.3667
11/26/2018,$23.0667,119596725,$21.6667,$23.0813,$21.6667
11/23/2018,$21.722,63039598,$22.2897,$22.5,$21.7033
11/21/2018,$22.546,70160800,$23.4667,$23.54,$22.4933
11/20/2018,$23.166,119868735,$22.7833,$23.32,$22.2367
11/19/2018,$23.5647,145478312,$23.756,$24.45,$23.5253
11/16/2018,$23.6207,107916816,$23.0127,$23.7133,$23.008
11/15/2018,$23.2293,69001915,$22.822,$23.2387,$22.6027
11/14/2018,$22.9333,75481207,$22.8467,$23.1407,$22.4767
11/13/2018,$22.582,81341299,$22.2107,$22.98,$22.1467
11/12/2018,$22.0853,103754423,$23.2247,$23.3187,$22.0227
11/09/2018,$23.3673,76401802,$23.2667,$23.6,$23.0153
11/08/2018,$23.4267,106202992,$23.2333,$23.8384,$23.2293
11/07/2018,$23.2107,110500535,$22.8893,$23.412,$22.72
11/06/2018,$22.7373,101278899,$22.6047,$23.2533,$22.406
11/05/2018,$22.76,117312616,$22.7,$22.9303,$22.0093
11/02/2018,$23.094,116998742,$22.916,$23.28,$22.7273
11/01/2018,$22.952,119714130,$22.5507,$23.1893,$22.315
10/31/2018,$22.488,114012543,$22.1693,$22.8,$21.94
10/30/2018,$21.9933,136636732,$21.8927,$22.5267,$21.484
10/29/2018,$22.3233,216827142,$22.498,$23.144,$21.7667
10/26/2018,$22.06,410703095,$20.55,$22.66,$20.4433
10/25/2018,$20.9907,311574894,$21.148,$21.4,$20.0673
10/24/2018,$19.2333,290256605,$20.07,$20.296,$19.0487
10/23/2018,$19.6093,284343008,$17.5913,$19.862,$17.4733
10/22/2018,$17.3967,83922783,$17.3787,$17.4573,$16.8393
10/19/2018,$17.3333,140171390,$17.826,$17.9773,$16.9
10/18/2018,$17.594,81028024,$17.9527,$18.0667,$17.5333
10/17/2018,$18.1187,129554170,$18.8267,$18.8467,$17.7202
10/16/2018,$18.4393,142516729,$17.7133,$18.4917,$17.4827
10/15/2018,$17.306,92835344,$17.2707,$17.552,$16.9691
10/12/2018,$17.252,107838801,$17.4,$17.466,$16.8007
10/11/2018,$16.8153,121922699,$17.1687,$17.4833,$16.602
10/10/2018,$17.1253,191723304,$17.6407,$17.7007,$16.518
10/09/2018,$17.52,180566610,$17.0167,$17.7847,$16.8867
10/08/2018,$16.704,200567600,$17.6347,$17.8507,$16.6
10/05/2018,$17.4633,268510516,$18.31,$18.3253,$17.3333
10/04/2018,$18.7887,144583203,$19.5967,$19.6,$18.5113
10/03/2018,$19.6533,119734020,$20.222,$20.3067,$19.438
10/02/2018,$20.068,175495262,$20.93,$21.1227,$19.9433
10/01/2018,$20.7133,325712987,$20.3847,$20.7627,$20.07
09/28/2018,$17.6513,503959098,$18.0173,$18.5333,$17.3703
09/27/2018,$20.5013,110066345,$20.86,$20.9973,$20.4607
09/26/2018,$20.6387,117537886,$20.1273,$20.926,$20.074
09/25/2018,$20.066,67084271,$20,$20.3067,$19.7667
09/24/2018,$19.9787,72515724,$19.8987,$20.2,$19.572
09/21/2018,$19.94,75577417,$19.8467,$20.0387,$19.6913
09/20/2018,$19.8887,109987100,$20.2373,$20.3987,$19.5553
09/19/2018,$19.9347,123965233,$18.7007,$20,$18.7
09/18/2018,$18.9973,247414076,$19.7793,$20.176,$18.3667
09/17/2018,$19.656,102993069,$19.336,$20.058,$19.2087
09/14/2018,$19.68,101364729,$19.2507,$19.8217,$19.1013
09/13/2018,$19.2973,94999168,$19.2013,$19.6667,$19.012
09/12/2018,$19.3693,150032175,$18.7627,$19.5,$18.5764
09/11/2018,$18.6293,137415846,$18.6313,$18.8,$18.2367
09/10/2018,$19.0333,213483643,$18.2173,$19.0687,$18.0667
09/07/2018,$17.5493,336634482,$17.34,$17.89,$16.817
09/06/2018,$18.73,112091284,$18.9867,$19.4113,$18.592
09/05/2018,$18.716,115610072,$19.0033,$19.1187,$18.4787
09/04/2018,$19.2633,124568503,$19.796,$19.8793,$19.2
08/31/2018,$20.1107,80505680,$20.1333,$20.3539,$19.9067
08/30/2018,$20.21,108159321,$20.1507,$20.3067,$19.848
08/29/2018,$20.334,111158014,$20.6847,$20.79,$20.246
08/28/2018,$20.7907,114591738,$21.2273,$21.2587,$20.746
08/27/2018,$21.2847,195939652,$21.2,$21.4957,$20.5873
08/24/2018,$21.5213,53890983,$21.38,$21.59,$21.2933
08/23/2018,$21.34,77080236,$21.276,$21.8213,$21.2067
08/22/2018,$21.4427,89037750,$21.3913,$21.592,$20.978
08/21/2018,$21.46,197216451,$20.7073,$21.6527,$20.6
08/20/2018,$20.5627,260706320,$19.4469,$20.5667,$19.2133
08/17/2018,$20.3667,283438058,$21.5667,$21.7847,$20.2353
08/16/2018,$22.3633,90680835,$22.6607,$22.8187,$22.2547
08/15/2018,$22.5793,136095427,$22.7937,$22.966,$22.1427
08/14/2018,$23.176,104227613,$23.8967,$23.9466,$23.14
08/13/2018,$23.7607,156673722,$24.0753,$24.2127,$23.268
08/10/2018,$23.6993,172957564,$23.6,$24,$23.0667
08/09/2018,$23.4967,254276873,$24.37,$24.4673,$23.0487
08/08/2018,$24.6893,368031116,$24.606,$25.5093,$24.4747
08/07/2018,$25.3047,458945771,$22.9227,$25.8307,$22.61
08/06/2018,$22.7993,128051426,$23.0307,$23.6653,$22.788
08/03/2018,$23.2113,204699498,$23.1873,$23.6667,$22.8353
08/02/2018,$23.3027,347387226,$21.896,$23.3327,$21.544
08/01/2018,$20.056,131521419,$19.866,$20.2,$19.5333
07/31/2018,$19.876,75826372,$19.4833,$19.888,$19.2713
07/30/2018,$19.3447,101993664,$19.7267,$19.74,$19.0753
07/27/2018,$19.812,85420307,$20.4833,$20.5129,$19.6894
07/26/2018,$20.4433,69293470,$20.3233,$20.7133,$20.2428
07/25/2018,$20.5827,105470677,$19.7827,$20.6413,$19.6335
07/24/2018,$19.8287,143792718,$20.2947,$20.5145,$19.503
07/23/2018,$20.2133,164622218,$20.1227,$20.3667,$19.524
07/20/2018,$20.9053,77397426,$21.4153,$21.5493,$20.7806
07/19/2018,$21.3487,88606696,$21.0887,$21.5693,$20.934
07/18/2018,$21.59,84151233,$21.6667,$21.7,$21.0833
07/17/2018,$21.5127,104816678,$20.5873,$21.6493,$20.5667
07/16/2018,$20.6733,117006751,$20.7807,$21.0107,$20.4167
07/13/2018,$21.258,88001596,$21.0387,$21.3057,$20.6167
07/12/2018,$21.114,85677722,$21.4287,$21.5487,$20.8513
07/11/2018,$21.264,73178888,$21.0533,$21.4627,$21.0047
07/10/2018,$21.498,141563284,$21.6373,$21.8452,$21.28
07/09/2018,$21.234,113693058,$20.7993,$21.2347,$20.5333
07/06/2018,$20.5933,132902904,$20.3303,$20.8047,$20.1333
07/05/2018,$20.6107,261863419,$20.9173,$20.9593,$19.748
07/03/2018,$20.724,184239508,$22.1167,$22.166,$20.646
07/02/2018,$22.338,280990510,$24.0047,$24.3187,$21.99
06/29/2018,$22.8633,97138496,$23.5553,$23.5907,$22.8273
06/28/2018,$23.3287,125822517,$23.244,$23.8013,$23.074
06/27/2018,$22.9667,124707193,$23,$23.386,$22.6333
06/26/2018,$22.8,111521179,$22.4036,$22.9033,$21.7199
06/25/2018,$22.2007,103876283,$22.008,$22.5647,$21.8333
06/22/2018,$22.242,153806473,$23.436,$23.4833,$22.1333
06/21/2018,$23.1673,119247630,$24.1333,$24.4143,$23.0847
06/20/2018,$24.148,125553957,$23.8693,$24.292,$23.4667
06/19/2018,$23.5033,191022504,$24.344,$24.6667,$23.0833
06/18/2018,$24.722,180381660,$23.6933,$24.9153,$23.6333
06/15/2018,$23.878,162413319,$23.5893,$24.3113,$23.4167
06/14/2018,$23.848,164417168,$23.1753,$23.9167,$23.1067
06/13/2018,$22.9853,141021934,$23.1137,$23.1467,$22.6533
06/12/2018,$22.8513,333846283,$22.98,$23.6647,$22.5333
06/11/2018,$22.14,197490651,$21.5007,$22.3107,$21.5
06/08/2018,$21.1773,122882564,$21.2667,$21.632,$21.1433
06/07/2018,$21.0727,215041542,$21.0767,$22,$20.9053
06/06/2018,$21.3,281135859,$20.0333,$21.478,$19.832
06/05/2018,$19.4087,88168051,$19.8467,$19.8533,$19.116
06/04/2018,$19.7827,71906769,$19.6227,$19.9333,$19.5699
06/01/2018,$19.4547,81269719,$19.0573,$19.4633,$18.9226
05/31/2018,$18.982,88692331,$19.1473,$19.358,$18.862
05/30/2018,$19.448,112103794,$18.886,$19.667,$18.7733
05/29/2018,$18.9173,84857253,$18.5673,$19.1,$18.41
05/25/2018,$18.59,58089286,$18.5083,$18.6427,$18.374
05/24/2018,$18.5233,62561804,$18.56,$18.7407,$18.326
05/23/2018,$18.6047,89583510,$18.5173,$18.6607,$18.2667
05/22/2018,$18.334,134077448,$19.1841,$19.2,$18.2281
05/21/2018,$18.966,137517591,$18.7553,$19.4327,$18.7533
05/18/2018,$18.4547,108655431,$18.9767,$18.9767,$18.2667
05/17/2018,$18.9693,66273837,$19.06,$19.2792,$18.9313
05/16/2018,$19.0987,85044617,$18.922,$19.254,$18.7707
05/15/2018,$18.9453,142646224,$19.0007,$19.1307,$18.7
05/14/2018,$19.4647,108982461,$20.2213,$20.3293,$19.4413
05/11/2018,$20.0707,69979780,$20.5133,$20.592,$19.9387
05/10/2018,$20.3347,84641523,$20.5,$20.866,$20.2741
05/09/2018,$20.4567,85683782,$20.0273,$20.4673,$20.0033
05/08/2018,$20.1313,88911661,$20.053,$20.5167,$19.9333
05/07/2018,$20.1847,130096285,$19.8333,$20.3973,$19.678
05/04/2018,$19.606,128482526,$18.8667,$19.7907,$18.6347
05/03/2018,$18.9633,260086220,$18.586,$19.2027,$18.3487
05/02/2018,$20.0767,125192577,$19.9047,$20.4567,$19.8523
05/01/2018,$19.9947,69224155,$19.5673,$20.0547,$19.548
04/30/2018,$19.5933,63360988,$19.574,$19.9153,$19.5
04/27/2018,$19.605,65202777,$19.0247,$19.6313,$18.922
04/26/2018,$19.032,65221587,$18.5833,$19.0527,$18.4333
04/25/2018,$18.7127,60006285,$18.9,$19.0107,$18.4833
04/24/2018,$18.8973,85173587,$19,$19.1393,$18.564
04/23/2018,$18.8913,73211108,$19.4193,$19.4413,$18.822
04/20/2018,$19.3493,84339408,$19.678,$19.9987,$19.3167
04/19/2018,$20.0053,91256954,$19.4053,$20.0673,$19.2367
04/18/2018,$19.5567,97973396,$19.4053,$20.016,$19.2107
04/17/2018,$19.1793,103967228,$19.258,$19.478,$18.834
04/16/2018,$19.414,94342408,$19.9333,$19.9773,$19.2673
04/13/2018,$20.0227,109788320,$20.24,$20.2633,$19.732
04/12/2018,$19.6053,113932818,$20.1547,$20.2633,$19.5787
04/11/2018,$20.062,112053004,$20.0493,$20.5987,$19.9773
04/10/2018,$20.3133,165255067,$19.9313,$20.4733,$19.5787
04/09/2018,$19.3107,153621073,$20.0247,$20.6333,$19.2807
04/06/2018,$19.9533,202747849,$20.0667,$20.6187,$19.7
04/05/2018,$20.3813,285387757,$19.2893,$20.4173,$19.2133
04/04/2018,$19.1293,298202551,$16.852,$19.2247,$16.8
04/03/2018,$17.8353,282444609,$17.988,$18.2233,$16.966
04/02/2018,$16.832,241399229,$17.084,$17.3555,$16.306
03/29/2018,$17.742,225216487,$17.0993,$18.064,$16.5473
03/28/2018,$17.1853,314434043,$17.6387,$17.912,$16.8067
03/27/2018,$18.612,206805797,$20.2667,$20.2847,$18.4787
03/26/2018,$20.2787,125473992,$20.4893,$20.506,$19.424
03/23/2018,$20.1027,99599350,$20.75,$20.774,$20.03
03/22/2018,$20.6067,73873883,$20.926,$21.2547,$20.5453
03/21/2018,$21.102,89313660,$20.6833,$21.496,$20.6793
03/20/2018,$20.7033,71415429,$20.9913,$21.0833,$20.584
03/19/2018,$20.904,112018294,$21.1,$21.3833,$20.6447
03/16/2018,$21.4233,91700429,$21.7307,$21.8267,$21.2713
03/15/2018,$21.7067,98318471,$21.9587,$22.19,$21.4067
03/14/2018,$21.7753,119282220,$22.4507,$22.654,$21.5953
03/13/2018,$22.7893,89409495,$22.9947,$23.008,$22.4176
03/12/2018,$23.034,123793723,$21.9073,$23.1473,$21.7667
03/09/2018,$21.8113,82541644,$21.6067,$21.8993,$21.4913
03/08/2018,$21.94,52715479,$22.1907,$22.22,$21.7516
03/07/2018,$22.1533,75029062,$21.696,$22.1667,$21.4493
03/06/2018,$21.88,63547213,$22.25,$22.4247,$21.802
03/05/2018,$22.2233,57310501,$22.1593,$22.5167,$21.9529
03/02/2018,$22.3413,76331797,$21.7987,$22.348,$21.5313
03/01/2018,$22.062,103088228,$23.0007,$23.2447,$22.0047
02/28/2018,$22.8707,90990615,$23.5047,$23.6827,$22.8147
02/27/2018,$23.3993,71775294,$23.75,$23.9993,$23.334
02/26/2018,$23.828,65017467,$23.5667,$23.9333,$23.4903
02/23/2018,$23.47,87212611,$23.1887,$23.666,$23.14
02/22/2018,$23.078,104428148,$22.3687,$23.1627,$22.3167
02/21/2018,$22.22,48108726,$22.402,$22.6462,$22.2113
02/20/2018,$22.318,60089400,$22.298,$22.7227,$22.1
02/16/2018,$22.366,84602718,$22.1667,$22.8747,$22.1093
02/15/2018,$22.271,88647301,$21.6333,$22.2747,$21.4933
02/14/2018,$21.4873,59221125,$21.3893,$21.7447,$21.2347
02/13/2018,$21.5773,68319431,$21.0013,$21.6127,$20.834
02/12/2018,$21.0487,93367138,$21.0753,$21.2053,$20.4167
02/09/2018,$20.6947,193866353,$21.3287,$21.399,$19.6507
02/08/2018,$21.0153,154446223,$22.8873,$23.2413,$20.9733
02/07/2018,$23,100945180,$22.5993,$23.0667,$22.3773
02/06/2018,$22.2647,76200442,$21.6807,$22.4147,$21.5667
02/05/2018,$22.2087,66617457,$22.5313,$22.9647,$22.2
02/02/2018,$22.9167,55442327,$23.2293,$23.4633,$22.7007
02/01/2018,$23.2833,62811569,$23.4,$23.9773,$23.242
01/31/2018,$23.6207,92990549,$23.1673,$23.746,$23.0127
01/30/2018,$23.0547,70660225,$23.0093,$23.218,$22.8113
01/29/2018,$23.302,71073084,$22.6567,$23.39,$22.552
01/26/2018,$22.8567,68031821,$22.7667,$22.9333,$22.3807
01/25/2018,$22.5093,100878070,$23.218,$23.28,$22.4267
01/24/2018,$23.0593,79160750,$23.6387,$23.65,$22.9013
01/23/2018,$23.5193,81714289,$24,$24.0333,$23.4
01/22/2018,$23.4373,92996609,$23.2933,$23.8553,$23.28
01/19/2018,$23.3347,73067678,$23,$23.3727,$22.84
01/18/2018,$22.9713,85194392,$23.0447,$23.4867,$22.916
01/17/2018,$23.144,106388257,$22.698,$23.2667,$22.65
01/16/2018,$22.6707,96438462,$22.5027,$23,$22.32
01/12/2018,$22.4147,72337599,$22.5753,$22.694,$22.2447
01/11/2018,$22.53,99612895,$22.3493,$22.9873,$22.2173
01/10/2018,$22.32,64545763,$22.1467,$22.4667,$22
01/09/2018,$22.246,107017821,$22.344,$22.5867,$21.827
01/08/2018,$22.4273,147489076,$21.0667,$22.468,$21.0333
01/05/2018,$21.1053,68830886,$21.108,$21.1493,$20.8
01/04/2018,$20.9747,149168820,$20.858,$21.2367,$20.3787
01/03/2018,$21.15,66577767,$21.4,$21.6833,$21.0367
01/02/2018,$21.3687,65184192,$20.8,$21.474,$20.7333
12/29/2017,$20.7567,56542532,$21.0787,$21.094,$20.6667
12/28/2017,$21.024,64601158,$20.7833,$21.0547,$20.636
12/27/2017,$20.776,70576225,$21.0667,$21.1787,$20.7167
12/26/2017,$21.1527,65530452,$21.5887,$21.596,$21.1053
12/22/2017,$21.68,63113998,$21.9673,$22.0614,$21.6547
12/21/2017,$22.1107,65549877,$21.9727,$22.2493,$21.814
12/20/2017,$21.932,88610626,$22.1793,$22.2067,$21.6693
12/19/2017,$22.0733,102312969,$22.684,$22.7662,$22.02
12/18/2017,$22.5913,81998149,$22.9933,$23.1153,$22.5053
12/15/2017,$22.8967,103818638,$22.8027,$22.9267,$22.384
12/14/2017,$22.526,86880317,$22.734,$23.1627,$22.46
12/13/2017,$22.602,93265468,$22.7287,$22.948,$22.4333
12/12/2017,$22.7353,130733485,$22.03,$22.7627,$22.002
12/11/2017,$21.9273,118891291,$20.9753,$21.934,$20.9167
12/08/2017,$21.0087,51991294,$20.9733,$21.132,$20.7507
12/07/2017,$20.7493,71693814,$20.8,$21.2423,$20.7367
12/06/2017,$20.884,107767101,$20.0067,$20.8927,$20
12/05/2017,$20.2467,69655585,$20.1333,$20.5333,$20.0667
12/04/2017,$20.3467,87513361,$20.4333,$20.551,$20.0407
12/01/2017,$20.4353,64291198,$20.3627,$20.688,$20.3367
11/30/2017,$20.59,65181477,$20.5707,$20.7133,$20.3027
11/29/2017,$20.5027,131361879,$21.1533,$21.2,$20.082
11/28/2017,$21.17,74125508,$21.0907,$21.3333,$20.928
11/27/2017,$21.1207,68066651,$20.8833,$21.156,$20.634
11/24/2017,$21.0367,48660951,$20.9193,$21.094,$20.7333
11/22/2017,$20.84,73699208,$21.118,$21.1613,$20.7893
11/21/2017,$21.1873,108845661,$20.724,$21.2153,$20.5807
11/20/2017,$20.5827,123627253,$20.9193,$21.0333,$20.3167
11/17/2017,$21.0033,205812347,$21.7113,$21.778,$20.8767
11/16/2017,$20.8333,86916092,$20.9327,$21.2093,$20.7533
11/15/2017,$20.7533,89277480,$20.4007,$20.8327,$20.1
11/14/2017,$20.58,84928518,$21,$21.09,$20.46
11/13/2017,$21.0267,113478573,$20.0087,$21.12,$19.9407
11/10/2017,$20.1993,69316165,$20.1667,$20.5573,$20.1233
11/09/2017,$20.1993,81602554,$20.1667,$20.2973,$19.7533
11/08/2017,$20.2927,70880290,$20.3667,$20.4593,$20.0867
11/07/2017,$20.4033,79272620,$20.068,$20.4333,$20.002
11/06/2017,$20.1853,97210286,$20.4667,$20.5,$19.934
11/03/2017,$20.406,133288928,$19.9667,$20.4167,$19.6753
11/02/2017,$19.9507,296569052,$20.0087,$20.5793,$19.5087
11/01/2017,$21.4053,123637243,$22.15,$22.1739,$21.3507
10/31/2017,$22.102,84750888,$21.3487,$22.13,$21.3453
10/30/2017,$21.3387,63714253,$21.2787,$21.5853,$21.15
10/27/2017,$21.3913,104525423,$21.3167,$21.6393,$21.1107
10/26/2017,$21.7447,75151267,$21.852,$22.0153,$21.5467
10/25/2017,$21.7227,128754221,$22.4467,$22.5,$21.5707
10/24/2017,$22.4893,67285346,$22.5867,$22.8533,$22.4107
10/23/2017,$22.468,86093927,$23.3253,$23.33,$22.4167
10/20/2017,$23.0067,73884818,$23.5127,$23.6367,$22.956
10/19/2017,$23.454,75835687,$23.704,$23.8098,$23.2133
10/18/2017,$23.9767,74040323,$23.7313,$24.2,$23.6087
10/17/2017,$23.7167,49354325,$23.394,$23.748,$23.338
10/16/2017,$23.3733,80596310,$23.584,$23.632,$23.144
10/13/2017,$23.7047,53082078,$23.7987,$23.8993,$23.5787
10/12/2017,$23.712,61103249,$23.53,$23.9853,$23.5093
10/11/2017,$23.64,67420961,$23.5927,$23.84,$23.41
10/10/2017,$23.706,104583893,$23.12,$23.7087,$23.0354
10/09/2017,$22.8627,111921859,$23.31,$23.45,$22.8447
10/06/2017,$23.792,64092958,$23.54,$24.0066,$23.4833
10/05/2017,$23.6887,62518664,$23.7333,$23.829,$23.4233
10/04/2017,$23.6673,122219864,$23.4167,$23.908,$23.3067
10/03/2017,$23.2093,151838174,$22.3933,$23.2367,$22.0853
10/02/2017,$22.7687,78413166,$22.8347,$22.9133,$22.3673
09/29/2017,$22.74,76485727,$22.7907,$22.9787,$22.5734
09/28/2017,$22.64,79646645,$22.6587,$22.85,$22.36
09/27/2017,$22.7313,90410580,$23.3267,$23.4326,$22.7
09/26/2017,$23.0167,107244681,$23.3953,$23.416,$22.7267
09/25/2017,$22.9993,113807313,$23.5433,$23.8313,$22.8587
09/22/2017,$23.406,122143364,$24.4327,$24.66,$23.392
